{"__type__":"sp.SkeletonData","_name":"UpgradeChar","_skeletonJson":{"skeleton":{"hash":"Dntwq9lMcEA/GMZlaxanjiR/zU4","spine":"3.8.86","x":-416.21,"y":-101,"width":814.37,"height":776.06,"images":"./images/","audio":"E:/Basa_Backup/Cricket/VFX/UpgradeChar"},"bones":[{"name":"root","x":6.78,"y":-3.39},{"name":"Mask","parent":"root"},{"name":"Mask1","parent":"root"}],"slots":[{"name":"Layer 2","bone":"root","color":"ffffff00","attachment":"Layer 2"},{"name":"Ellipse 1","bone":"root","color":"ffffff00","attachment":"Ellipse 1"},{"name":"Rectangle 1","bone":"root","color":"ffffff00","attachment":"Rectangle 1"},{"name":"Rectangle 5","bone":"root","color":"ffffff00","attachment":"Rectangle 1"},{"name":"Rectangle 9","bone":"root","color":"ffffff00","attachment":"Rectangle 1"},{"name":"Rectangle 10","bone":"root","color":"ffffff00","attachment":"Rectangle 1"},{"name":"Rectangle 6","bone":"root","color":"ffffff00","attachment":"Rectangle 1"},{"name":"Rectangle 7","bone":"root","color":"ffffff00","attachment":"Rectangle 1"},{"name":"Rectangle 4","bone":"root","color":"ffffff00","attachment":"Rectangle 1"},{"name":"Rectangle 3","bone":"root","color":"ffffff00","attachment":"Rectangle 1"},{"name":"Rectangle 8","bone":"root","color":"ffffff00","attachment":"Rectangle 1"},{"name":"light2","bone":"root","color":"ffffff00","attachment":"light2"},{"name":"light3","bone":"root","color":"ffffff00","attachment":"light2"},{"name":"light","bone":"root","color":"ffffff00","attachment":"light"},{"name":"Ellipse 2","bone":"root","color":"ffffff00","attachment":"Ellipse 1"},{"name":"Mask","bone":"Mask","color":"ffffff00","attachment":"Mask"},{"name":"Mask1","bone":"Mask1","color":"ffffff00","attachment":"Mask1"},{"name":"Rectangle 2","bone":"root","color":"ffffff00","attachment":"Rectangle 2"}],"skins":[{"name":"default","attachments":{"Ellipse 1":{"Ellipse 1":{"type":"mesh","uvs":[1,1,0,1,0,0,1,0],"triangles":[1,2,3,1,3,0],"vertices":[133.42,-30.19,-123.01,-30.19,-123.01,16.94,133.42,16.94],"hull":4,"edges":[0,2,2,4,4,6,0,6],"width":370,"height":68}},"Ellipse 2":{"Ellipse 1":{"type":"mesh","uvs":[1,1,0,1,0,0,1,0],"triangles":[1,2,3,1,3,0],"vertices":[189.94,-42.71,-180.06,-42.71,-180.06,25.29,189.94,25.29],"hull":4,"edges":[0,2,2,4,4,6,0,6],"width":370,"height":68}},"Layer 2":{"Layer 2":{"type":"mesh","uvs":[1,1,0,1,0,0,1,0],"triangles":[1,2,3,1,3,0],"vertices":[190.21,-42.54,-179.79,-42.54,-179.79,678.46,190.21,678.46],"hull":4,"edges":[0,2,2,4,4,6,0,6],"width":370,"height":721}},"Mask":{"Mask":{"type":"clipping","end":"Mask","vertexCount":19,"vertices":[119.08,430.95,153.04,436.34,151.42,343.64,100.22,341.48,96.99,290.28,122.86,290.28,121.24,248.23,99.68,246.08,96.45,208.35,148.73,208.35,148.73,188.4,-106.22,185.17,-106.22,237.99,-153.11,237.45,-149.34,338.25,-93.82,344.71,-95.98,378.13,-133.17,379.21,-131.01,400.77],"color":"ce3a3aff"}},"Mask1":{"Mask1":{"type":"clipping","end":"Mask1","vertexCount":4,"vertices":[-203.39,693.93,-199.13,209.71,208.41,209.71,214.09,689.67],"color":"ce3a3aff"}},"Rectangle 1":{"Rectangle 1":{"type":"mesh","uvs":[1,1,0,1,0,0,1,0],"triangles":[1,2,3,1,3,0],"vertices":[-111.28,110.52,-130.18,110.52,-130.18,129.41,-111.28,129.41],"hull":4,"edges":[0,2,2,4,4,6,0,6],"width":36,"height":36}},"Rectangle 10":{"Rectangle 1":{"type":"mesh","uvs":[1,1,0,1,0,0,1,0],"triangles":[1,2,3,1,3,0],"vertices":[40.69,2.21,16.85,2.21,16.85,26.05,40.69,26.05],"hull":4,"edges":[0,2,2,4,4,6,0,6],"width":36,"height":36}},"Rectangle 2":{"Rectangle 2":{"type":"mesh","uvs":[1,1,0,1,0,0,1,0],"triangles":[1,2,3,1,3,0],"vertices":[143.21,151.16,-138.79,151.16,-138.79,482.16,143.21,482.16],"hull":4,"edges":[0,2,2,4,4,6,0,6],"width":282,"height":331}},"Rectangle 3":{"Rectangle 1":{"type":"mesh","uvs":[1,1,0,1,0,0,1,0],"triangles":[1,2,3,1,3,0],"vertices":[117.93,121.64,81.93,121.64,81.93,157.64,117.93,157.64],"hull":4,"edges":[0,2,2,4,4,6,0,6],"width":36,"height":36}},"Rectangle 4":{"Rectangle 1":{"type":"mesh","uvs":[1,1,0,1,0,0,1,0],"triangles":[1,2,3,1,3,0],"vertices":[-90.01,6.22,-126.01,6.22,-126.01,42.22,-90.01,42.22],"hull":4,"edges":[0,2,2,4,4,6,0,6],"width":36,"height":36}},"Rectangle 5":{"Rectangle 1":{"type":"mesh","uvs":[1,1,0,1,0,0,1,0],"triangles":[1,2,3,1,3,0],"vertices":[122,57.07,103.11,57.07,103.11,75.96,122,75.96],"hull":4,"edges":[0,2,2,4,4,6,0,6],"width":36,"height":36}},"Rectangle 6":{"Rectangle 1":{"type":"mesh","uvs":[1,1,0,1,0,0,1,0],"triangles":[1,2,3,1,3,0],"vertices":[-74.66,51.45,-86.96,51.45,-86.96,63.76,-74.66,63.76],"hull":4,"edges":[0,2,2,4,4,6,0,6],"width":36,"height":36}},"Rectangle 7":{"Rectangle 1":{"type":"mesh","uvs":[1,1,0,1,0,0,1,0],"triangles":[1,2,3,1,3,0],"vertices":[107.78,28.51,95.78,28.51,95.78,40.51,107.78,40.51],"hull":4,"edges":[0,2,2,4,4,6,0,6],"width":36,"height":36}},"Rectangle 8":{"Rectangle 1":{"type":"mesh","uvs":[1,1,0,1,0,0,1,0],"triangles":[1,2,3,1,3,0],"vertices":[110.99,-0.1,86.43,-0.1,86.43,24.45,110.99,24.45],"hull":4,"edges":[0,2,2,4,4,6,0,6],"width":36,"height":36}},"Rectangle 9":{"Rectangle 1":{"type":"mesh","uvs":[1,1,0,1,0,0,1,0],"triangles":[1,2,3,1,3,0],"vertices":[38.22,57.24,19.32,57.24,19.32,76.13,38.22,76.13],"hull":4,"edges":[0,2,2,4,4,6,0,6],"width":36,"height":36}},"light":{"light":{"type":"mesh","uvs":[1,1,0,1,0,0,1,0],"triangles":[1,2,3,1,3,0],"vertices":[391.38,-97.61,-422.99,-97.61,-422.99,663.88,391.38,663.88],"hull":4,"edges":[0,2,2,4,4,6,0,6],"width":687,"height":809}},"light2":{"light2":{"type":"mesh","uvs":[1,1,0,1,0,0,1,0],"triangles":[1,2,3,1,3,0],"vertices":[318.55,-30.41,-309.45,-30.41,-309.45,597.59,318.55,597.59],"hull":4,"edges":[0,2,2,4,4,6,0,6],"width":628,"height":628}},"light3":{"light2":{"type":"mesh","uvs":[1,1,0,1,0,0,1,0],"triangles":[1,2,3,1,3,0],"vertices":[318.55,-30.41,-309.45,-30.41,-309.45,597.59,318.55,597.59],"hull":4,"edges":[0,2,2,4,4,6,0,6],"width":628,"height":628}}}}],"animations":{"UnlockChar":{"slots":{"Ellipse 1":{"color":[{"color":"ffffff00"},{"time":0.1333,"color":"ffffff00"},{"time":0.5,"color":"ffffffff"},{"time":0.8,"color":"ffffff00"}]},"Ellipse 2":{"color":[{"time":0.1333,"color":"ffffff00"},{"time":0.2667,"color":"ffffffff"},{"time":0.5,"color":"ffffff00"}]},"Rectangle 1":{"color":[{"time":0.1333,"color":"ffffff00"},{"time":0.3667,"color":"ffffff3b"},{"time":0.5,"color":"ffffffff","curve":"stepped"},{"time":0.8,"color":"ffffffff"},{"time":1.1667,"color":"ffffff00"}]},"Rectangle 3":{"color":[{"time":0.1333,"color":"ffffff00"},{"time":0.2667,"color":"ffffffff"},{"time":0.3667,"color":"ffffff3b"},{"time":0.5,"color":"ffffffff","curve":"stepped"},{"time":0.8,"color":"ffffffff"},{"time":1.1667,"color":"ffffff00"}]},"Rectangle 4":{"color":[{"time":0.1333,"color":"ffffff00"},{"time":0.2667,"color":"ffffff3b"},{"time":0.5,"color":"ffffffff","curve":"stepped"},{"time":0.8,"color":"ffffffff"},{"time":1.1667,"color":"ffffff00"}]},"Rectangle 5":{"color":[{"time":0.1333,"color":"ffffff00"},{"time":0.2667,"color":"ffffffff"},{"time":0.3667,"color":"ffffff3b"},{"time":0.5,"color":"ffffffff","curve":"stepped"},{"time":0.8,"color":"ffffffff"},{"time":1.1667,"color":"ffffff00"}]},"Rectangle 6":{"color":[{"time":0.1333,"color":"ffffff00"},{"time":0.2667,"color":"ffffff3b"},{"time":0.5,"color":"ffffffff","curve":"stepped"},{"time":0.8,"color":"ffffffff"},{"time":1.1667,"color":"ffffff00"}]},"Rectangle 7":{"color":[{"time":0.1333,"color":"ffffff00"},{"time":0.2667,"color":"ffffff3b"},{"time":0.5,"color":"ffffffff","curve":"stepped"},{"time":0.8,"color":"ffffffff"},{"time":1.1667,"color":"ffffff00"}]},"Rectangle 8":{"color":[{"time":0.1333,"color":"ffffff00"},{"time":0.2667,"color":"ffffff3b"},{"time":0.5,"color":"ffffffff","curve":"stepped"},{"time":0.8,"color":"ffffffff"},{"time":1.1667,"color":"ffffff00"}]},"Rectangle 9":{"color":[{"time":0.1333,"color":"ffffff00"},{"time":0.3667,"color":"ffffff3b"},{"time":0.5,"color":"ffffffff","curve":"stepped"},{"time":0.8,"color":"ffffffff"},{"time":1.1667,"color":"ffffff00"}]},"Rectangle 10":{"color":[{"color":"ffffff00"},{"time":0.1333,"color":"ffffffff"},{"time":0.2667,"color":"ffffff3b"},{"time":0.5,"color":"ffffffff"}]},"light":{"color":[{"color":"ffffff00"},{"time":0.1333,"color":"ffffffff","curve":"stepped"},{"time":0.3667,"color":"ffffffff"},{"time":0.5,"color":"ffffff00"}]},"light2":{"color":[{"color":"ffffff00"},{"time":0.1333,"color":"ffffffff"},{"time":0.8,"color":"ffffff00"}]},"light3":{"color":[{"color":"ffffff00"},{"time":0.1333,"color":"ffffffff"},{"time":1.0333,"color":"ffffff00"}]}},"deform":{"default":{"Ellipse 1":{"Ellipse 1":[{"vertices":[-61.97319,11.38967,61.97319,11.38967,61.97319,-11.38967,-61.97319,-11.38967]},{"time":0.3,"vertices":[-19.40807,3.56689,19.40807,3.56689,19.40807,-3.56689,-19.40807,-3.56689]},{"time":0.5,"vertices":[47.93794,-8.81022,-47.93794,-8.81022,-47.93794,8.81022,47.93794,8.81022]},{"time":0.8,"vertices":[53.58282,-9.84766,-53.58282,-9.84766,-53.58282,9.84766,53.58282,9.84766]}]},"Ellipse 2":{"Ellipse 1":[{"vertices":[-13.17195,2.42079,13.17195,2.42079,13.17195,-2.42079,-13.17195,-2.42079]},{"time":0.1333,"vertices":[-57.87354,18.14718,57.87354,18.14718,57.87354,-3.12525,-57.87354,-3.12525]},{"time":0.2667,"vertices":[0.62936,-0.11567,-0.62936,-0.11567,-0.62936,0.11567,0.62936,0.11567]}]},"Mask":{"Mask":[{"offset":1,"vertices":[42.68697,0.00002,42.68697,0.00002,42.68697,0.00002,42.68697,0.00002,42.68697,0.00002,42.68697,0.00002,42.68697,0.00002,42.68697,0.00002,42.68697,0.00002,42.68697,0.00002,42.68697,0.00002,42.68697,0.00002,42.68697,0.00002,42.68697,-5.35798,-32.325,-8.03696,-35.00401,0.00002,42.68697,0.00002,42.68697,0.00002,42.68697]},{"time":0.1333,"offset":1,"vertices":[114.5631,0.00003,114.5631,-1.21,81.89311,-3.02498,82.49815,0.00003,114.5631,0.00003,114.5631,0.00003,114.5631,0.00003,114.5631,0.00003,114.5631,0.00003,114.5631,4.23506,58.29814,-0.60496,60.71814,-3.02495,54.66815,-4.83999,55.27313,-14.28798,16.33316,0.89305,9.18915,0.00003,114.5631,0.00003,114.5631,0.00003,114.5631]},{"time":0.2667,"offset":1,"vertices":[210.39792,0.00005,210.39792,-0.70049,191.48373,-1.75127,191.83401,0.00005,210.39792,0.00005,210.39792,0.00005,210.39792,0.00005,210.39792,0.00005,210.39792,0.00005,210.39792,13.52789,121.98201,-42.32828,109.53803,-40.44026,174.21634,-2.80207,176.07217,0.00005,210.39792,0.00005,210.39792,0.00005,210.39792,0.00005,210.39792,0.00005,210.39792]},{"time":0.3667,"offset":1,"vertices":[306.23276,0.00007,306.23276,-0.19098,301.07434,-0.47756,301.1699,0.00007,306.23276,0.00007,306.23276,0.00007,306.23276,0.00007,306.23276,0.00007,306.23276,0.00007,306.23276,22.82073,185.66588,-51.90353,208.36588,-30.0135,294.00665,-0.76414,296.87122,0.00007,306.23276,0.00007,306.23276,0.00007,306.23276,0.00007,306.23276,0.00007,306.23276]},{"time":0.5,"offset":1,"vertices":[342.1708,0.00008,342.1708,0.00008,342.1708,0.00008,342.1708,0.00008,342.1708,0.00008,342.1708,0.00008,342.1708,0.00008,342.1708,0.00008,342.1708,0.00008,342.1708,0.00008,342.1708,0.00008,342.1708,0.00008,342.1708,0.00008,342.1708,0.00008,342.1708,0.00008,342.1708,0.00008,342.1708,0.00008,342.1708,0.00008,342.1708]}]},"Mask1":{"Mask1":[{"vertices":[9.54008,-730.49005,0.00003,-270.8699,0.00003,-270.8699,-7.95005,-725.72]},{"time":0.1333,"vertices":[-4.76998,-655.54517,0.00001,-257.89276,0.00001,-257.89276,1.59011,-663.1881]},{"time":0.2667,"offset":1,"vertices":[-4.20023,0.00001,-264.25278,0.00001,-264.25278,0.00005,-5.48318]}]},"Rectangle 1":{"Rectangle 1":[{"vertices":[42.87497,186.26895,42.87497,186.26895,42.87497,186.26895,42.87497,186.26895]},{"time":0.3667,"vertices":[-54.28504,262.01392,-54.28504,262.01392,-54.28504,262.01392,-54.28504,262.01392]},{"time":0.5,"vertices":[-62.94443,262.58032,-81.93948,262.58032,-81.93948,281.5754,-62.94443,281.5754]},{"time":0.6667,"vertices":[-93.42457,284.9664,-87.77124,284.9664,-87.77124,279.31308,-93.42457,279.31308]},{"time":0.8,"vertices":[-101.47411,284.92023,-116.02958,284.92023,-116.02958,299.47574,-101.47411,299.47574]},{"time":0.9333,"vertices":[-118.50862,293.86313,-135.31227,293.86313,-135.31227,310.66678,-118.50862,310.66678]},{"time":1.0333,"vertices":[-126.18414,301.53885,-127.6371,301.53885,-127.6371,302.9918,-126.18414,302.9918]},{"time":1.1667,"vertices":[-134.89215,312.11285,-136.34511,312.11285,-136.34511,313.5658,-134.89215,313.5658]}]},"Rectangle 3":{"Rectangle 1":[{"vertices":[-56.875,173.14395,-56.875,173.14395,-56.875,173.14395,-56.875,173.14395]},{"time":0.3667,"vertices":[82.2,268.49396,82.2,268.49396,82.2,268.49396,82.2,268.49396]},{"time":0.5,"vertices":[84.76911,286.7061,105.44338,286.7061,105.44338,266.03177,84.76911,266.03177]},{"time":0.6667,"vertices":[110.46414,281.78946,105.55889,281.78946,105.55889,286.69473,110.46414,286.69473]},{"time":0.9333,"vertices":[140.5938,293.22568,127.05656,293.22568,127.05656,306.76294,140.5938,306.76294]},{"time":1.0333,"vertices":[127.10631,306.71317,140.54404,306.71317,140.54404,293.27548,127.10631,293.27548]},{"time":1.1667,"vertices":[160.8673,326.69412,174.30502,326.69412,174.30502,313.25644,160.8673,313.25644]}]},"Rectangle 4":{"Rectangle 1":[{"vertices":[22.75,225.64389,22.75,225.64389,22.75,225.64389,22.75,225.64389]},{"time":0.3667,"vertices":[-86.99998,171.89392,-86.99998,171.89392,-86.99998,171.89392,-86.99998,171.89392]},{"time":0.6667,"vertices":[-116.85965,158.00359,-94.76529,158.00359,-94.76529,135.90921,-116.85965,135.90921]},{"time":0.9333,"vertices":[-133.4652,130.85909,-115.78487,130.85909,-115.78487,113.17877,-133.4652,113.17877]},{"time":1.0333,"vertices":[-123.01401,120.40807,-126.23537,120.40807,-126.23537,123.62946,-123.01401,123.62946]},{"time":1.1667,"vertices":[-149.987,109.47307,-153.20836,109.47307,-153.20836,112.69446,-149.987,112.69446]}]},"Rectangle 5":{"Rectangle 1":[{"vertices":[-54.25,216.01892,-54.25,216.01892,-54.25,216.01892,-54.25,216.01892]},{"time":0.3667,"vertices":[43.68893,216.89392,43.68893,216.89392,43.68893,216.89392,43.68893,216.89392]},{"time":0.5,"vertices":[67.66624,212.02081,55.73402,212.02081,55.73402,223.95303,67.66624,223.95303]},{"time":0.6667,"vertices":[115.36372,206.57156,90.3447,206.57156,90.3447,231.59059,115.36372,231.59059]},{"time":0.8,"vertices":[166.31767,196.21199,118.39197,196.21199,118.39197,244.13774,166.31767,244.13774]},{"time":0.9333,"vertices":[179.45726,222.01474,180.94872,222.01474,180.94872,220.52332,179.45726,220.52332]},{"time":1.0333,"vertices":[181.11012,222.01474,182.60158,222.01474,182.60158,220.52332,181.11012,220.52332]},{"time":1.1667,"vertices":[186.70811,222.01474,188.19957,222.01474,188.19957,220.52332,186.70811,220.52332]}]},"Rectangle 6":{"Rectangle 1":[{"vertices":[33.25003,206.39386,33.25003,206.39386,33.25003,206.39386,33.25003,206.39386]},{"time":0.3667,"vertices":[-69.09,216.89392,-69.09,216.89392,-69.09,216.89392,-69.09,216.89392]},{"time":0.6667,"vertices":[-79.19057,184.1198,-103.61504,184.1198,-103.61504,208.54433,-79.19057,208.54433]},{"time":0.8,"vertices":[-82.32527,165.81686,-122.7928,165.81686,-122.7928,206.2845,-82.32527,206.2845]},{"time":0.9333,"vertices":[-119.133,171.25394,-119.133,171.25394,-119.133,171.25394,-119.133,171.25394]},{"time":1.0333,"vertices":[-129.48067,156.05566,-139.19363,156.05566,-139.19363,165.76865,-129.48067,165.76865]},{"time":1.1667,"vertices":[-144.18565,141.6086,-153.89862,141.6086,-153.89862,151.32158,-144.18565,151.32158]}]},"Rectangle 7":{"Rectangle 1":[{"vertices":[-36.74998,222.14395,-36.74998,222.14395,-36.74998,222.14395,-36.74998,222.14395]},{"time":0.3667,"vertices":[31.60801,205.04094,31.60801,205.04094,31.60801,205.04094,31.60801,205.04094]},{"time":0.5,"vertices":[57.14014,184.76106,46.76522,184.76106,46.76522,195.13602,57.14014,195.13602]},{"time":0.8,"vertices":[103.32678,149.07127,81.95065,149.07127,81.95062,170.44748,103.32677,170.44748]},{"time":0.9333,"vertices":[122.34807,135.30238,103.61958,135.30238,103.61958,154.03091,122.34807,154.03091]},{"time":1.1667,"vertices":[145.67604,127.2834,126.94756,127.2834,126.94756,146.01193,145.67604,146.01193]}]},"Rectangle 8":{"Rectangle 1":[{"vertices":[-62.99997,231.76892,-62.99997,231.76892,-62.99997,231.76892,-62.99997,231.76892]},{"time":0.3667,"vertices":[101.99995,179.6939,101.99995,179.6939,101.99995,179.6939,101.99995,179.6939]},{"time":0.5,"vertices":[137.60332,152.40363,105.77225,152.40363,105.77225,184.23471,137.60332,184.23471]},{"time":0.6667,"vertices":[135.4988,162.82048,147.25154,162.82048,147.25156,151.06772,135.49881,151.06772]},{"time":0.9333,"vertices":[177.07834,137.86552,184.42148,137.86552,184.42148,130.52235,177.07834,130.52235]},{"time":1.0333,"vertices":[175.26544,139.6781,186.23398,139.6781,186.23398,128.70956,175.26544,128.70956]},{"time":1.1667,"vertices":[192.6264,131.96211,203.59494,131.96211,203.59494,120.99358,192.6264,120.99358]}]},"Rectangle 9":{"Rectangle 1":[{"vertices":[-20.12497,212.51889,-20.12497,212.51889,-20.12497,212.51889,-20.12497,212.51889]},{"time":0.3667,"vertices":[15.51,312.77393,15.51,312.77393,15.51,312.77393,15.51,312.77393]},{"time":0.5,"vertices":[39.36577,323.7002,15.71685,323.7002,15.71685,347.34912,39.36577,347.34912]},{"time":0.6667,"vertices":[40.06786,357.77902,39.07718,357.77902,39.07719,358.76968,40.06787,358.76968]},{"time":0.8,"vertices":[48.01272,384.6153,55.1949,384.6153,55.1949,377.43314,48.01273,377.43314]},{"time":0.9333,"vertices":[61.48569,405.92313,65.7841,405.92313,65.7841,401.62473,61.48569,401.62473]},{"time":1.1667,"vertices":[87.6197,430.98312,91.9181,430.98312,91.9181,426.68472,87.6197,426.68472]}]},"Rectangle 10":{"Rectangle 1":[{"offset":1,"vertices":[216.89392,0,216.89392,0,216.89392,0,216.89392]},{"time":0.3667,"offset":1,"vertices":[128.06395,-0.00001,128.06395,-0.00001,128.06395,-0.00001,128.06395]},{"time":0.5,"vertices":[4.50401,121.15369,20.43346,121.15369,20.43347,105.22424,4.50401,105.22424]},{"time":0.9333,"vertices":[49.87495,68.56397,49.87495,68.56397,49.87495,68.56397,49.87495,68.56397]},{"time":1.0333,"vertices":[65.50233,52.93661,62.94756,52.93661,62.94756,55.49136,65.50233,55.49136]},{"time":1.1667,"vertices":[87.88228,29.93664,109.65756,29.93664,109.65756,8.16135,87.88228,8.16135]}]},"light":{"light":[{"vertices":[-217.41478,267.46075,236.83875,267.46075,236.83875,-267.46075,-217.41478,-267.46075]},{"time":0.5,"vertices":[-138.56902,133.40012,138.569,133.40012,138.56897,-133.40015,-138.569,-133.40015]},{"time":0.8,"vertices":[-93.40851,91.81631,93.40848,91.81631,93.40845,-91.81635,-93.40843,-91.81635]}]},"light2":{"light2":[{"vertices":[-279.839,279.83902,279.839,279.83902,279.839,-279.839,-279.839,-279.839]},{"time":0.1333,"vertices":[-195.37439,195.37439,195.37437,195.37439,195.37437,-195.37439,-195.37439,-195.37439]},{"time":0.8,"vertices":[-19.28392,19.28384,19.28387,19.28384,19.28387,-19.28394,-19.28391,-19.28394]}]},"light3":{"light2":[{"vertices":[-279.839,279.83902,279.839,279.83902,279.839,-279.839,-279.839,-279.839]},{"time":0.3667,"vertices":[-195.37439,195.37439,195.37437,195.37439,195.37437,-195.37439,-195.37439,-195.37439]},{"time":0.5,"vertices":[-120.70024,120.70023,120.70023,120.70023,120.70023,-120.70024,-120.70024,-120.70024]},{"time":1.0333,"vertices":[-19.28392,19.28384,19.28387,19.28384,19.28387,-19.28394,-19.28391,-19.28394]}]}}}},"UpgradeChar":{"slots":{"Ellipse 1":{"color":[{"color":"ffffff00"},{"time":0.1667,"color":"ffffff00"},{"time":0.3333,"color":"ffffffff"},{"time":1,"color":"ffffff00"}]},"Ellipse 2":{"color":[{"time":0.1667,"color":"ffffff00"},{"time":0.3333,"color":"ffffffff"},{"time":0.5,"color":"ffffff00"}]},"Layer 2":{"color":[{"color":"ffffff00"},{"time":0.1667,"color":"ffffffff","curve":"stepped"},{"time":0.8333,"color":"ffffffff"},{"time":1,"color":"ffffff00"}]},"Rectangle 1":{"color":[{"color":"ffffff00"},{"time":0.1667,"color":"ffffffff"},{"time":0.5,"color":"ffffff3b"},{"time":0.6667,"color":"ffffffff","curve":"stepped"},{"time":1,"color":"ffffffff"},{"time":1.5,"color":"ffffff00"}]},"Rectangle 2":{"color":[{"color":"ffffff00"},{"time":0.3333,"color":"ffffffff"}]},"Rectangle 3":{"color":[{"color":"ffffff00"},{"time":0.3333,"color":"ffffffff"},{"time":0.5,"color":"ffffff3b"},{"time":0.6667,"color":"ffffffff","curve":"stepped"},{"time":1,"color":"ffffffff"},{"time":1.5,"color":"ffffff00"}]},"Rectangle 4":{"color":[{"color":"ffffff00"},{"time":0.1667,"color":"ffffffff"},{"time":0.3333,"color":"ffffff3b"},{"time":0.6667,"color":"ffffffff","curve":"stepped"},{"time":1,"color":"ffffffff"},{"time":1.5,"color":"ffffff00"}]},"Rectangle 5":{"color":[{"color":"ffffff00"},{"time":0.3333,"color":"ffffffff"},{"time":0.5,"color":"ffffff3b"},{"time":0.6667,"color":"ffffffff","curve":"stepped"},{"time":1,"color":"ffffffff"},{"time":1.5,"color":"ffffff00"}]},"Rectangle 6":{"color":[{"color":"ffffff00"},{"time":0.1667,"color":"ffffffff"},{"time":0.3333,"color":"ffffff3b"},{"time":0.6667,"color":"ffffffff","curve":"stepped"},{"time":1,"color":"ffffffff"},{"time":1.5,"color":"ffffff00"}]},"Rectangle 7":{"color":[{"color":"ffffff00"},{"time":0.1667,"color":"ffffffff"},{"time":0.3333,"color":"ffffff3b"},{"time":0.6667,"color":"ffffffff","curve":"stepped"},{"time":1,"color":"ffffffff"},{"time":1.5,"color":"ffffff00"}]},"Rectangle 8":{"color":[{"color":"ffffff00"},{"time":0.1667,"color":"ffffffff"},{"time":0.3333,"color":"ffffff3b"},{"time":0.6667,"color":"ffffffff","curve":"stepped"},{"time":1,"color":"ffffffff"},{"time":1.5,"color":"ffffff00"}]},"Rectangle 9":{"color":[{"color":"ffffff00"},{"time":0.1667,"color":"ffffffff"},{"time":0.5,"color":"ffffff3b"},{"time":0.6667,"color":"ffffffff","curve":"stepped"},{"time":1,"color":"ffffffff"},{"time":1.5,"color":"ffffff00"}]},"Rectangle 10":{"color":[{"color":"ffffff00"},{"time":0.1667,"color":"ffffffff"},{"time":0.3333,"color":"ffffff3b"},{"time":0.6667,"color":"ffffffff"}]}},"deform":{"default":{"Ellipse 1":{"Ellipse 1":[{"vertices":[-61.97319,11.38967,61.97319,11.38967,61.97319,-11.38967,-61.97319,-11.38967]},{"time":0.3333,"vertices":[-19.40807,3.56689,19.40807,3.56689,19.40807,-3.56689,-19.40807,-3.56689]},{"time":0.5,"vertices":[47.93794,-8.81022,-47.93794,-8.81022,-47.93794,8.81022,47.93794,8.81022]},{"time":0.6667,"vertices":[53.58282,-9.84766,-53.58282,-9.84766,-53.58282,9.84766,53.58282,9.84766]}]},"Ellipse 2":{"Ellipse 1":[{"vertices":[-13.17195,2.42079,13.17195,2.42079,13.17195,-2.42079,-13.17195,-2.42079]},{"time":0.1667,"vertices":[-57.87354,18.14718,57.87354,18.14718,57.87354,-3.12525,-57.87354,-3.12525]},{"time":0.3333,"vertices":[0.62936,-0.11567,-0.62936,-0.11567,-0.62936,0.11567,0.62936,0.11567]}]},"Mask":{"Mask":[{"offset":1,"vertices":[42.68697,0.00002,42.68697,0.00002,42.68697,0.00002,42.68697,0.00002,42.68697,0.00002,42.68697,0.00002,42.68697,0.00002,42.68697,0.00002,42.68697,0.00002,42.68697,0.00002,42.68697,0.00002,42.68697,0.00002,42.68697,0.00002,42.68697,-5.35798,-32.325,-8.03696,-35.00401,0.00002,42.68697,0.00002,42.68697,0.00002,42.68697]},{"time":0.1667,"offset":1,"vertices":[114.5631,0.00003,114.5631,-1.21,81.89311,-3.02498,82.49815,0.00003,114.5631,0.00003,114.5631,0.00003,114.5631,0.00003,114.5631,0.00003,114.5631,0.00003,114.5631,4.23506,58.29814,-0.60496,60.71814,-3.02495,54.66815,-4.83999,55.27313,-14.28798,16.33316,0.89305,9.18915,0.00003,114.5631,0.00003,114.5631,0.00003,114.5631]},{"time":0.3333,"offset":1,"vertices":[210.39792,0.00005,210.39792,-0.70049,191.48373,-1.75127,191.83401,0.00005,210.39792,0.00005,210.39792,0.00005,210.39792,0.00005,210.39792,0.00005,210.39792,0.00005,210.39792,13.52789,121.98201,-42.32828,109.53803,-40.44026,174.21634,-2.80207,176.07217,0.00005,210.39792,0.00005,210.39792,0.00005,210.39792,0.00005,210.39792,0.00005,210.39792]},{"time":0.5,"offset":1,"vertices":[306.23276,0.00007,306.23276,-0.19098,301.07434,-0.47756,301.1699,0.00007,306.23276,0.00007,306.23276,0.00007,306.23276,0.00007,306.23276,0.00007,306.23276,0.00007,306.23276,22.82073,185.66588,-51.90353,208.36588,-30.0135,294.00665,-0.76414,296.87122,0.00007,306.23276,0.00007,306.23276,0.00007,306.23276,0.00007,306.23276,0.00007,306.23276]},{"time":0.6667,"offset":1,"vertices":[342.1708,0.00008,342.1708,0.00008,342.1708,0.00008,342.1708,0.00008,342.1708,0.00008,342.1708,0.00008,342.1708,0.00008,342.1708,0.00008,342.1708,0.00008,342.1708,0.00008,342.1708,0.00008,342.1708,0.00008,342.1708,0.00008,342.1708,0.00008,342.1708,0.00008,342.1708,0.00008,342.1708,0.00008,342.1708,0.00008,342.1708]}]},"Mask1":{"Mask1":[{"vertices":[9.54008,-730.49005,0.00003,-270.8699,0.00003,-270.8699,-7.95005,-725.72]},{"time":0.1667,"vertices":[-4.76998,-655.54517,0.00001,-257.89276,0.00001,-257.89276,1.59011,-663.1881]},{"time":0.3333,"offset":1,"vertices":[-4.20023,0.00001,-264.25278,0.00001,-264.25278,0.00005,-5.48318]}]},"Rectangle 1":{"Rectangle 1":[{"offset":1,"vertices":[-51.61096,-0.00001,-51.61096,-0.00001,-51.61096,-0.00001,-51.61096]},{"time":0.1667,"vertices":[3.49796,-25.11575,-3.49802,-25.11575,-3.49801,-18.11975,3.49798,-18.11975]},{"time":0.3333,"vertices":[-4.01052,32.38145,4.01041,32.38145,4.01042,24.36053,-4.01052,24.36053]},{"time":0.6667,"vertices":[0.93476,97.42026,-0.9349,97.42026,-0.93489,99.28992,0.93476,99.28992]},{"time":1,"offset":1,"vertices":[148.34369,0,148.34369,0,148.34369,0,148.34369]},{"time":1.1667,"vertices":[-4.38256,186.72469,4.38215,186.72469,4.38215,177.95995,-4.38256,177.95995]},{"time":1.5,"offset":1,"vertices":[250.3377,0,250.3377,0,250.3377,0,250.3377]}]},"Rectangle 3":{"Rectangle 1":[{"offset":1,"vertices":[-61.50894,-0.00001,-61.50894,-0.00001,-61.50894,-0.00001,-61.50894]},{"time":0.1667,"vertices":[5.10648,-40.93478,-5.1065,-40.93478,-5.1065,-30.72181,5.10648,-30.72181]},{"time":0.3333,"vertices":[-7.80235,14.77513,7.80234,14.77513,7.80234,-0.82955,-7.80235,-0.82955]},{"time":0.5,"vertices":[1.15643,48.61748,-1.15638,48.61748,-1.15638,50.93032,1.15643,50.93032]},{"time":0.6667,"vertices":[-11.96245,78.85681,11.96252,78.85681,11.96252,54.93185,-11.96245,54.93185]},{"time":1,"offset":1,"vertices":[109.69541,0,109.69541,0,109.69541,0,109.69541]},{"time":1.1667,"vertices":[-10.45394,133.76443,10.45398,133.76443,10.45398,112.85652,-10.45394,112.85652]},{"time":1.3333,"vertices":[-14.01954,150.9451,14.01957,150.9451,14.01958,122.90599,-14.01954,122.90599]},{"time":1.5,"offset":1,"vertices":[150.5405,-0.00001,150.5405,-0.00001,150.5405,-0.00001,150.5405]}]},"Rectangle 4":{"Rectangle 1":[{"offset":1,"vertices":[-34.64299,-0.00001,-34.64299,-0.00001,-34.64299,-0.00001,-34.64299]},{"time":0.1667,"vertices":[5.09879,-14.01708,-5.0988,-14.01708,-5.0988,-3.8195,5.09879,-3.8195]},{"time":0.3333,"vertices":[-12.27103,46.22722,12.271,46.22722,12.271,21.68518,-12.27103,21.68518]},{"time":0.5,"vertices":[-2.38245,79.21313,2.3824,79.21313,2.38242,74.44826,-2.38245,74.44826]},{"time":0.8333,"vertices":[-8.51233,123.93007,8.51232,123.93007,8.51232,106.9054,-8.51234,106.9054]},{"time":1,"offset":1,"vertices":[136.85498,0,136.85498,0,136.85498,0,136.85498]},{"time":1.1667,"vertices":[-12.21698,177.87428,12.21702,177.87428,12.21702,153.44029,-12.21698,153.44029]},{"time":1.3333,"vertices":[-1.87145,196.33107,1.87146,196.33107,1.87146,192.58817,-1.87145,192.58817]},{"time":1.5,"offset":1,"vertices":[223.26202,0,223.26202,0,223.26202,0,223.26202]}]},"Rectangle 5":{"Rectangle 1":[{"offset":1,"vertices":[-19.79603,0,-19.79603,0,-19.79603,0,-19.79603]},{"time":0.3333,"vertices":[-3.55644,50.20309,3.55649,50.20309,3.55649,43.09016,-3.55644,43.09016]},{"time":1,"offset":1,"vertices":[146.31058,0,146.31058,0,146.31058,0,146.31058]},{"time":1.1667,"vertices":[8.37622,162.73973,-8.37641,162.73973,-8.37641,179.49237,8.37622,179.49237]},{"time":1.3333,"vertices":[-4.42944,200.35118,4.42937,200.35118,4.42937,191.49237,-4.42944,191.49237]},{"time":1.5,"offset":1,"vertices":[220.72763,0,220.72763,0,220.72763,0,220.72763]}]},"Rectangle 6":{"Rectangle 1":[{"offset":1,"vertices":[-24.74495,0,-24.74495,0,-24.74495,0,-24.74495]},{"time":1,"offset":1,"vertices":[69.10589,0,69.10589,0,69.10589,0,69.10589]},{"time":1.5,"offset":1,"vertices":[155.51294,0,155.51294,0,155.51294,0,155.51294]}]},"Rectangle 7":{"Rectangle 1":[{"offset":1,"vertices":[-18.38203,0,-18.38203,0,-18.38203,0,-18.38203]},{"time":1,"offset":1,"vertices":[38.62354,0,38.62354,0,38.62354,0,38.62354]},{"time":1.5,"offset":1,"vertices":[121.43363,0,121.43363,0,121.43363,0,121.43363]}]},"Rectangle 8":{"Rectangle 1":[{"offset":1,"vertices":[-14.847,0,-14.847,0,-14.847,0,-14.847]},{"time":0.1667,"vertices":[-4.46916,5.5997,4.46915,5.5997,4.46915,-3.33861,-4.46916,-3.33861]},{"time":0.5,"vertices":[0.82584,53.56318,-0.82587,53.56318,-0.82587,55.2149,0.82584,55.2149]},{"time":1,"offset":1,"vertices":[91.66999,0,91.66999,0,91.66999,0,91.66999]},{"time":1.1667,"vertices":[-7.37318,124.24843,7.37311,124.24843,7.37311,109.50214,-7.37318,109.50214]},{"time":1.3333,"vertices":[1.27539,140.8051,-1.27553,140.8051,-1.27553,143.35605,1.27539,143.35605]},{"time":1.5,"offset":1,"vertices":[167.28598,0,167.28598,0,167.28598,0,167.28598]}]},"Rectangle 9":{"Rectangle 1":[{"offset":1,"vertices":[-42.41998,0,-42.41998,0,-42.41998,0,-42.41998]},{"time":0.1667,"vertices":[3.15455,-24.65396,-3.15456,-24.65396,-3.15456,-18.34486,3.15455,-18.34486]},{"time":0.3333,"vertices":[-1.64437,15.01258,1.64436,15.01258,1.64436,11.72384,-1.64437,11.72384]},{"time":0.6667,"vertices":[-4.39579,66.57865,4.39579,66.57865,4.39579,57.78708,-4.39579,57.78708]},{"time":1,"offset":1,"vertices":[97.05048,0,97.05048,0,97.05048,0,97.05048]},{"time":1.1667,"vertices":[-3.97301,123.43119,3.97302,123.43119,3.97302,115.48518,-3.97301,115.48518]},{"time":1.5,"offset":1,"vertices":[164.2735,0,164.2735,0,164.2735,0,164.2735]}]},"Rectangle 10":{"Rectangle 1":[{"offset":1,"vertices":[-19.08897,0,-19.08897,0,-19.08897,0,-19.08897]},{"time":0.1667,"vertices":[-5.18825,0.01891,5.18824,0.01891,5.18824,-10.35758,-5.18825,-10.35758]},{"time":0.3333,"vertices":[-7.97536,26.00542,7.97536,26.00542,7.97536,10.0547,-7.97536,10.0547]},{"time":0.8333,"vertices":[4.67276,57.43615,-4.67277,57.43615,-4.67276,66.78167,4.67276,66.78167]},{"time":1,"vertices":[-7.51003,81.21862,7.51003,81.21862,7.51003,66.19857,-7.51003,66.19857]},{"time":1.1667,"vertices":[-8.36149,108.8741,8.36148,108.8741,8.36148,92.15113,-8.36149,92.15113]},{"time":1.5,"vertices":[-11.17239,165.2928,11.17231,165.2928,11.17231,142.94812,-11.17239,142.94812]}]}}}}}},"_atlasText":"\nUpgradeChar.png\nsize: 1536,1004\nformat: RGBA8888\nfilter: Linear,Linear\nrepeat: none\nEllipse 1\n  rotate: true\n  xy: 1443, 632\n  size: 370, 68\n  orig: 370, 68\n  offset: 0, 0\n  index: -1\nLayer 2\n  rotate: true\n  xy: 813, 2\n  size: 370, 721\n  orig: 370, 721\n  offset: 0, 0\n  index: -1\nRectangle 1\n  rotate: false\n  xy: 1443, 594\n  size: 36, 36\n  orig: 36, 36\n  offset: 0, 0\n  index: -1\nRectangle 2\n  rotate: true\n  xy: 2, 31\n  size: 282, 331\n  orig: 282, 331\n  offset: 0, 0\n  index: -1\nlight\n  rotate: true\n  xy: 2, 315\n  size: 687, 809\n  orig: 687, 809\n  offset: 0, 0\n  index: -1\nlight2\n  rotate: false\n  xy: 813, 374\n  size: 628, 628\n  orig: 628, 628\n  offset: 0, 0\n  index: -1\n","textures":[{"__uuid__":"25XIupeDNLCKJvJQzeVYX9"}],"textureNames":["UpgradeChar.png"]}