{"__type__":"sp.SkeletonData","_name":"Run India","_native":".skel","_atlasText":"\nRun India.png\nsize: 2048,1024\nformat: RGBA8888\nfilter: Linear,Linear\nrepeat: none\nAustralia/Group\n  rotate: true\n  xy: 1305, 868\n  size: 92, 272\n  orig: 92, 272\n  offset: 0, 0\n  index: -1\nAustralia/body\n  rotate: true\n  xy: 781, 387\n  size: 269, 274\n  orig: 269, 274\n  offset: 0, 0\n  index: -1\nAustralia/hand\n  rotate: true\n  xy: 1699, 531\n  size: 161, 172\n  orig: 161, 172\n  offset: 0, 0\n  index: -1\nAustralia/head\n  rotate: true\n  xy: 411, 2\n  size: 383, 407\n  orig: 383, 407\n  offset: 0, 0\n  index: -1\nAustralia/leg\n  rotate: true\n  xy: 1716, 694\n  size: 103, 289\n  orig: 103, 289\n  offset: 0, 0\n  index: -1\nAustralia/pacha\n  rotate: false\n  xy: 457, 885\n  size: 148, 75\n  orig: 148, 75\n  offset: 0, 0\n  index: -1\nAustralia/r1\n  rotate: true\n  xy: 909, 658\n  size: 103, 306\n  orig: 103, 306\n  offset: 0, 0\n  index: -1\nAustralia/r2\n  rotate: true\n  xy: 568, 773\n  size: 93, 281\n  orig: 93, 281\n  offset: 0, 0\n  index: -1\nBangladesh/Group\n  rotate: true\n  xy: 1579, 868\n  size: 92, 272\n  orig: 92, 272\n  offset: 0, 0\n  index: -1\nBangladesh/body\n  rotate: true\n  xy: 1057, 387\n  size: 269, 274\n  orig: 269, 274\n  offset: 0, 0\n  index: -1\nBangladesh/hand\n  rotate: true\n  xy: 1873, 531\n  size: 161, 172\n  orig: 161, 172\n  offset: 0, 0\n  index: -1\nBangladesh/head\n  rotate: true\n  xy: 820, 2\n  size: 383, 407\n  orig: 383, 407\n  offset: 0, 0\n  index: -1\nBangladesh/leg\n  rotate: true\n  xy: 2, 685\n  size: 103, 289\n  orig: 103, 289\n  offset: 0, 0\n  index: -1\nBangladesh/pacha\n  rotate: false\n  xy: 607, 885\n  size: 148, 75\n  orig: 148, 75\n  offset: 0, 0\n  index: -1\nBangladesh/r1\n  rotate: true\n  xy: 1217, 658\n  size: 103, 306\n  orig: 103, 306\n  offset: 0, 0\n  index: -1\nBangladesh/r2\n  rotate: true\n  xy: 851, 773\n  size: 93, 281\n  orig: 93, 281\n  offset: 0, 0\n  index: -1\nIndia/Group\n  rotate: true\n  xy: 757, 868\n  size: 92, 272\n  orig: 92, 272\n  offset: 0, 0\n  index: -1\nLegend/Group\n  rotate: true\n  xy: 757, 868\n  size: 92, 272\n  orig: 92, 272\n  offset: 0, 0\n  index: -1\nIndia/bat\n  rotate: false\n  xy: 2, 517\n  size: 225, 166\n  orig: 225, 166\n  offset: 0, 0\n  index: -1\nAustralia/bat\n  rotate: false\n  xy: 2, 517\n  size: 225, 166\n  orig: 225, 166\n  offset: 0, 0\n  index: -1\nBangladesh/bat\n  rotate: false\n  xy: 2, 517\n  size: 225, 166\n  orig: 225, 166\n  offset: 0, 0\n  index: -1\nLegend/bat\n  rotate: false\n  xy: 2, 517\n  size: 225, 166\n  orig: 225, 166\n  offset: 0, 0\n  index: -1\nPakistan/bat\n  rotate: false\n  xy: 2, 517\n  size: 225, 166\n  orig: 225, 166\n  offset: 0, 0\n  index: -1\nIndia/body\n  rotate: true\n  xy: 229, 397\n  size: 269, 274\n  orig: 269, 274\n  offset: 0, 0\n  index: -1\nLegend/body\n  rotate: true\n  xy: 229, 397\n  size: 269, 274\n  orig: 269, 274\n  offset: 0, 0\n  index: -1\nIndia/hand\n  rotate: true\n  xy: 1853, 799\n  size: 161, 172\n  orig: 161, 172\n  offset: 0, 0\n  index: -1\nLegend/hand\n  rotate: true\n  xy: 1853, 799\n  size: 161, 172\n  orig: 161, 172\n  offset: 0, 0\n  index: -1\nIndia/head\n  rotate: true\n  xy: 1333, 146\n  size: 383, 407\n  orig: 383, 407\n  offset: 0, 0\n  index: -1\nLegend/head\n  rotate: true\n  xy: 1333, 146\n  size: 383, 407\n  orig: 383, 407\n  offset: 0, 0\n  index: -1\nIndia/leg\n  rotate: true\n  xy: 1134, 763\n  size: 103, 289\n  orig: 103, 289\n  offset: 0, 0\n  index: -1\nLegend/leg\n  rotate: true\n  xy: 1134, 763\n  size: 103, 289\n  orig: 103, 289\n  offset: 0, 0\n  index: -1\nIndia/pacha\n  rotate: false\n  xy: 157, 885\n  size: 148, 75\n  orig: 148, 75\n  offset: 0, 0\n  index: -1\nLegend/pacha\n  rotate: false\n  xy: 157, 885\n  size: 148, 75\n  orig: 148, 75\n  offset: 0, 0\n  index: -1\nIndia/r1\n  rotate: true\n  xy: 293, 668\n  size: 103, 306\n  orig: 103, 306\n  offset: 0, 0\n  index: -1\nLegend/r1\n  rotate: true\n  xy: 293, 668\n  size: 103, 306\n  orig: 103, 306\n  offset: 0, 0\n  index: -1\nIndia/r2\n  rotate: true\n  xy: 2, 790\n  size: 93, 281\n  orig: 93, 281\n  offset: 0, 0\n  index: -1\nLegend/r2\n  rotate: true\n  xy: 2, 790\n  size: 93, 281\n  orig: 93, 281\n  offset: 0, 0\n  index: -1\nIndia/shadow\n  rotate: false\n  xy: 2, 904\n  size: 153, 56\n  orig: 153, 56\n  offset: 0, 0\n  index: -1\nAustralia/shadow\n  rotate: false\n  xy: 2, 904\n  size: 153, 56\n  orig: 153, 56\n  offset: 0, 0\n  index: -1\nBangladesh/shadow\n  rotate: false\n  xy: 2, 904\n  size: 153, 56\n  orig: 153, 56\n  offset: 0, 0\n  index: -1\nLegend/shadow\n  rotate: false\n  xy: 2, 904\n  size: 153, 56\n  orig: 153, 56\n  offset: 0, 0\n  index: -1\nPakistan/shadow\n  rotate: false\n  xy: 2, 904\n  size: 153, 56\n  orig: 153, 56\n  offset: 0, 0\n  index: -1\nPakistan/Group\n  rotate: true\n  xy: 1031, 868\n  size: 92, 272\n  orig: 92, 272\n  offset: 0, 0\n  index: -1\nPakistan/body\n  rotate: true\n  xy: 505, 397\n  size: 269, 274\n  orig: 269, 274\n  offset: 0, 0\n  index: -1\nPakistan/hand\n  rotate: true\n  xy: 1525, 600\n  size: 161, 172\n  orig: 161, 172\n  offset: 0, 0\n  index: -1\nPakistan/head\n  rotate: true\n  xy: 2, 12\n  size: 383, 407\n  orig: 383, 407\n  offset: 0, 0\n  index: -1\nPakistan/leg\n  rotate: true\n  xy: 1425, 763\n  size: 103, 289\n  orig: 103, 289\n  offset: 0, 0\n  index: -1\nPakistan/pacha\n  rotate: false\n  xy: 307, 885\n  size: 148, 75\n  orig: 148, 75\n  offset: 0, 0\n  index: -1\nPakistan/r1\n  rotate: true\n  xy: 601, 668\n  size: 103, 306\n  orig: 103, 306\n  offset: 0, 0\n  index: -1\nPakistan/r2\n  rotate: true\n  xy: 285, 790\n  size: 93, 281\n  orig: 93, 281\n  offset: 0, 0\n  index: -1\n","textures":[{"__uuid__":"91Sn6NxXNKILYqbcU7v0Ln"}],"textureNames":["Run India.png"]}