{"__type__":"sp.SkeletonData","_name":"Sachin","_native":".skel","_atlasText":"\nSachin.png\nsize: 905,397\nformat: RGBA8888\nfilter: Linear,Linear\nrepeat: none\nH1\n  rotate: true\n  xy: 316, 18\n  size: 98, 145\n  orig: 98, 145\n  offset: 0, 0\n  index: -1\nH2\n  rotate: true\n  xy: 140, 3\n  size: 95, 130\n  orig: 96, 133\n  offset: 1, 1\n  index: -1\nH3\n  rotate: true\n  xy: 2, 3\n  size: 95, 136\n  orig: 97, 140\n  offset: 1, 1\n  index: -1\nLh\n  rotate: true\n  xy: 576, 2\n  size: 70, 124\n  orig: 72, 126\n  offset: 1, 1\n  index: -1\nLh1\n  rotate: true\n  xy: 717, 85\n  size: 81, 157\n  orig: 81, 157\n  offset: 0, 0\n  index: -1\nRh\n  rotate: false\n  xy: 758, 275\n  size: 72, 120\n  orig: 74, 122\n  offset: 1, 1\n  index: -1\nbat\n  rotate: false\n  xy: 316, 223\n  size: 269, 172\n  orig: 269, 172\n  offset: 0, 0\n  index: -1\nbody\n  rotate: false\n  xy: 587, 168\n  size: 169, 227\n  orig: 169, 227\n  offset: 0, 0\n  index: -1\neyes\n  rotate: false\n  xy: 758, 232\n  size: 145, 41\n  orig: 168, 63\n  offset: 1, 5\n  index: -1\neyw_brew\n  rotate: false\n  xy: 316, 118\n  size: 173, 32\n  orig: 173, 32\n  offset: 0, 0\n  index: -1\nhead\n  rotate: true\n  xy: 2, 100\n  size: 295, 312\n  orig: 298, 312\n  offset: 1, 0\n  index: -1\nhead lought\n  rotate: true\n  xy: 272, 38\n  size: 60, 23\n  orig: 60, 23\n  offset: 0, 0\n  index: -1\nhead smile\n  rotate: false\n  xy: 832, 280\n  size: 61, 19\n  orig: 61, 19\n  offset: 0, 0\n  index: -1\nhead thinking\n  rotate: true\n  xy: 297, 44\n  size: 54, 17\n  orig: 54, 17\n  offset: 0, 0\n  index: -1\nlh3\n  rotate: true\n  xy: 581, 74\n  size: 92, 134\n  orig: 94, 136\n  offset: 1, 1\n  index: -1\nlight\n  rotate: false\n  xy: 496, 14\n  size: 78, 81\n  orig: 78, 81\n  offset: 0, 0\n  index: -1\nlld\n  rotate: true\n  xy: 717, 4\n  size: 79, 134\n  orig: 79, 134\n  offset: 0, 0\n  index: -1\nllu\n  rotate: false\n  xy: 832, 301\n  size: 67, 94\n  orig: 69, 96\n  offset: 1, 1\n  index: -1\nrld\n  rotate: false\n  xy: 497, 97\n  size: 82, 124\n  orig: 82, 124\n  offset: 0, 0\n  index: -1\nrlu\n  rotate: true\n  xy: 758, 182\n  size: 48, 121\n  orig: 48, 123\n  offset: 0, 1\n  index: -1\nshadow\n  rotate: true\n  xy: 463, 14\n  size: 102, 31\n  orig: 153, 56\n  offset: 22, 12\n  index: -1\nstar\n  rotate: true\n  xy: 853, 33\n  size: 50, 49\n  orig: 50, 49\n  offset: 0, 0\n  index: -1\nwhite\n  rotate: false\n  xy: 316, 152\n  size: 179, 69\n  orig: 181, 71\n  offset: 1, 1\n  index: -1\n","textures":[{"__uuid__":"a2Z1AiJu5B0672dHoQrAqE"}],"textureNames":["Sachin.png"]}