{"__type__":"sp.SkeletonData","_name":"David","_native":".skel","_atlasText":"\nDavid.png\nsize: 1232,276\nformat: RGBA8888\nfilter: Linear,Linear\nrepeat: none\nH1\n  rotate: false\n  xy: 826, 129\n  size: 98, 145\n  orig: 98, 145\n  offset: 0, 0\n  index: -1\nH2\n  rotate: false\n  xy: 1049, 8\n  size: 95, 130\n  orig: 96, 133\n  offset: 1, 1\n  index: -1\nH3\n  rotate: false\n  xy: 926, 138\n  size: 95, 136\n  orig: 97, 140\n  offset: 1, 1\n  index: -1\nLh\n  rotate: false\n  xy: 1104, 150\n  size: 62, 124\n  orig: 64, 127\n  offset: 1, 1\n  index: -1\nLh1\n  rotate: false\n  xy: 743, 117\n  size: 81, 157\n  orig: 81, 157\n  offset: 0, 0\n  index: -1\nRh\n  rotate: false\n  xy: 1168, 153\n  size: 62, 121\n  orig: 64, 121\n  offset: 1, 0\n  index: -1\nbat\n  rotate: true\n  xy: 2, 5\n  size: 269, 172\n  orig: 269, 172\n  offset: 0, 0\n  index: -1\nbody\n  rotate: false\n  xy: 502, 48\n  size: 168, 226\n  orig: 168, 226\n  offset: 0, 0\n  index: -1\neyes\n  rotate: false\n  xy: 502, 6\n  size: 144, 40\n  orig: 146, 42\n  offset: 1, 1\n  index: -1\neyw_brew\n  rotate: false\n  xy: 648, 10\n  size: 190, 36\n  orig: 190, 36\n  offset: 0, 0\n  index: -1\nhead\n  rotate: true\n  xy: 176, 6\n  size: 268, 324\n  orig: 268, 324\n  offset: 0, 0\n  index: -1\nhead lought\n  rotate: true\n  xy: 1197, 64\n  size: 59, 29\n  orig: 61, 29\n  offset: 0, 0\n  index: -1\nhead smile\n  rotate: false\n  xy: 1168, 125\n  size: 61, 26\n  orig: 96, 62\n  offset: 12, 23\n  index: -1\nhead thinking\n  rotate: true\n  xy: 1197, 6\n  size: 56, 25\n  orig: 96, 62\n  offset: 14, 21\n  index: -1\nlh3\n  rotate: false\n  xy: 955, 2\n  size: 92, 134\n  orig: 94, 136\n  offset: 1, 1\n  index: -1\nlld\n  rotate: false\n  xy: 1023, 140\n  size: 79, 134\n  orig: 79, 134\n  offset: 0, 0\n  index: -1\nllu\n  rotate: true\n  xy: 776, 48\n  size: 67, 94\n  orig: 69, 96\n  offset: 1, 1\n  index: -1\nrld\n  rotate: false\n  xy: 872, 2\n  size: 81, 125\n  orig: 81, 125\n  offset: 0, 0\n  index: -1\nrlu\n  rotate: false\n  xy: 1146, 2\n  size: 49, 121\n  orig: 51, 123\n  offset: 1, 1\n  index: -1\nshadow\n  rotate: false\n  xy: 672, 62\n  size: 102, 31\n  orig: 153, 56\n  offset: 22, 12\n  index: -1\nwhite\n  rotate: true\n  xy: 672, 95\n  size: 179, 69\n  orig: 181, 71\n  offset: 1, 1\n  index: -1\n","textures":[{"__uuid__":"1eeeUDgRFJOJAxngszrhFz"}],"textureNames":["David.png"]}