{"__type__":"sp.SkeletonData","_name":"Virat","_native":".skel","_atlasText":"\nVirat.png\nsize: 1247,285\nformat: RGBA8888\nfilter: Linear,Linear\nrepeat: none\nH1\n  rotate: false\n  xy: 868, 138\n  size: 98, 145\n  orig: 98, 145\n  offset: 0, 0\n  index: -1\nH2\n  rotate: false\n  xy: 1065, 153\n  size: 95, 130\n  orig: 96, 133\n  offset: 1, 1\n  index: -1\nH3\n  rotate: false\n  xy: 968, 147\n  size: 95, 136\n  orig: 97, 140\n  offset: 1, 1\n  index: -1\nLh\n  rotate: false\n  xy: 1162, 159\n  size: 70, 124\n  orig: 72, 126\n  offset: 1, 1\n  index: -1\nLh1\n  rotate: false\n  xy: 785, 126\n  size: 81, 157\n  orig: 81, 157\n  offset: 0, 0\n  index: -1\nRh\n  rotate: false\n  xy: 843, 4\n  size: 72, 120\n  orig: 74, 122\n  offset: 1, 1\n  index: -1\nbat\n  rotate: true\n  xy: 331, 14\n  size: 269, 172\n  orig: 269, 172\n  offset: 0, 0\n  index: -1\nbody\n  rotate: false\n  xy: 505, 56\n  size: 169, 227\n  orig: 169, 227\n  offset: 0, 0\n  index: -1\neyes\n  rotate: false\n  xy: 655, 17\n  size: 144, 37\n  orig: 146, 39\n  offset: 1, 1\n  index: -1\neyw_brew\n  rotate: true\n  xy: 676, 93\n  size: 190, 36\n  orig: 190, 36\n  offset: 0, 0\n  index: -1\nhead\n  rotate: true\n  xy: 2, 3\n  size: 280, 327\n  orig: 280, 327\n  offset: 0, 0\n  index: -1\nhead lought\n  rotate: false\n  xy: 676, 59\n  size: 61, 32\n  orig: 84, 68\n  offset: 10, 23\n  index: -1\nhead smile\n  rotate: true\n  xy: 801, 10\n  size: 59, 17\n  orig: 84, 47\n  offset: 11, 17\n  index: -1\nhead thinking\n  rotate: true\n  xy: 505, 3\n  size: 51, 25\n  orig: 69, 54\n  offset: 7, 21\n  index: -1\nlh3\n  rotate: false\n  xy: 917, 2\n  size: 92, 134\n  orig: 94, 136\n  offset: 1, 1\n  index: -1\nlld\n  rotate: false\n  xy: 1011, 11\n  size: 79, 134\n  orig: 79, 134\n  offset: 0, 0\n  index: -1\nllu\n  rotate: false\n  xy: 1176, 61\n  size: 69, 96\n  orig: 69, 96\n  offset: 0, 0\n  index: -1\nrld\n  rotate: false\n  xy: 1092, 27\n  size: 82, 124\n  orig: 82, 124\n  offset: 0, 0\n  index: -1\nrlu\n  rotate: true\n  xy: 532, 6\n  size: 48, 121\n  orig: 48, 123\n  offset: 0, 1\n  index: -1\nshadow\n  rotate: false\n  xy: 739, 71\n  size: 102, 31\n  orig: 153, 56\n  offset: 22, 12\n  index: -1\nwhite\n  rotate: true\n  xy: 714, 104\n  size: 179, 69\n  orig: 181, 71\n  offset: 1, 1\n  index: -1\n","textures":[{"__uuid__":"09c/ByA7tIhaIo0LhHO25b"}],"textureNames":["Virat.png"]}