{"__type__":"sp.SkeletonData","_name":"Run_back_india","_native":".skel","_atlasText":"\nRun_back_india.png\nsize: 1723,911\nformat: RGBA8888\nfilter: Linear,Linear\nrepeat: none\nAustralia/Group 2 copy 2222\n  rotate: false\n  xy: 2, 53\n  size: 382, 427\n  orig: 382, 427\n  offset: 0, 0\n  index: -1\nAustralia/Group 3 copy\n  rotate: false\n  xy: 1017, 170\n  size: 245, 310\n  orig: 245, 310\n  offset: 0, 0\n  index: -1\nAustralia/Group 5 copy\n  rotate: true\n  xy: 1455, 20\n  size: 156, 83\n  orig: 158, 85\n  offset: 1, 1\n  index: -1\nAustralia/Group 6 copy\n  rotate: false\n  xy: 1154, 603\n  size: 104, 306\n  orig: 104, 306\n  offset: 0, 0\n  index: -1\nAustralia/Group 7 copy\n  rotate: false\n  xy: 920, 2\n  size: 148, 166\n  orig: 148, 166\n  offset: 0, 0\n  index: -1\nBangladesh/Group 2 copy 2222\n  rotate: false\n  xy: 386, 482\n  size: 382, 427\n  orig: 382, 427\n  offset: 0, 0\n  index: -1\nBangladesh/Group 3 copy\n  rotate: true\n  xy: 1370, 664\n  size: 245, 310\n  orig: 245, 310\n  offset: 0, 0\n  index: -1\nBangladesh/Group 5 copy\n  rotate: true\n  xy: 1540, 28\n  size: 156, 83\n  orig: 158, 85\n  offset: 1, 1\n  index: -1\nBangladesh/Group 6 copy\n  rotate: false\n  xy: 1511, 186\n  size: 104, 306\n  orig: 104, 306\n  offset: 0, 0\n  index: -1\nBangladesh/Group 7 copy\n  rotate: false\n  xy: 1070, 2\n  size: 148, 166\n  orig: 148, 166\n  offset: 0, 0\n  index: -1\nIndia/Group 2 copy 2222\n  rotate: false\n  xy: 2, 482\n  size: 382, 427\n  orig: 382, 427\n  offset: 0, 0\n  index: -1\nIndia/Group 3 copy\n  rotate: false\n  xy: 770, 170\n  size: 245, 310\n  orig: 245, 310\n  offset: 0, 0\n  index: -1\nLegend/Group 3 copy\n  rotate: false\n  xy: 770, 170\n  size: 245, 310\n  orig: 245, 310\n  offset: 0, 0\n  index: -1\nIndia/Group 4 copy\n  rotate: false\n  xy: 1410, 494\n  size: 277, 168\n  orig: 279, 170\n  offset: 1, 1\n  index: -1\nAustralia/Group 4 copy\n  rotate: false\n  xy: 1410, 494\n  size: 277, 168\n  orig: 279, 170\n  offset: 1, 1\n  index: -1\nBangladesh/Group 4 copy\n  rotate: false\n  xy: 1410, 494\n  size: 277, 168\n  orig: 279, 170\n  offset: 1, 1\n  index: -1\nLegend/Group 4 copy\n  rotate: false\n  xy: 1410, 494\n  size: 277, 168\n  orig: 279, 170\n  offset: 1, 1\n  index: -1\nPakistan/Group 4 copy\n  rotate: false\n  xy: 1410, 494\n  size: 277, 168\n  orig: 279, 170\n  offset: 1, 1\n  index: -1\nIndia/Group 5 copy\n  rotate: true\n  xy: 1370, 20\n  size: 156, 83\n  orig: 158, 85\n  offset: 1, 1\n  index: -1\nLegend/Group 5 copy\n  rotate: true\n  xy: 1370, 20\n  size: 156, 83\n  orig: 158, 85\n  offset: 1, 1\n  index: -1\nIndia/Group 6 copy\n  rotate: false\n  xy: 1264, 603\n  size: 104, 306\n  orig: 104, 306\n  offset: 0, 0\n  index: -1\nLegend/Group 6 copy\n  rotate: false\n  xy: 1264, 603\n  size: 104, 306\n  orig: 104, 306\n  offset: 0, 0\n  index: -1\nIndia/Group 7 copy\n  rotate: false\n  xy: 770, 2\n  size: 148, 166\n  orig: 148, 166\n  offset: 0, 0\n  index: -1\nLegend/Group 7 copy\n  rotate: false\n  xy: 770, 2\n  size: 148, 166\n  orig: 148, 166\n  offset: 0, 0\n  index: -1\nIndia/Group 8 copy\n  rotate: false\n  xy: 1154, 490\n  size: 254, 111\n  orig: 256, 113\n  offset: 1, 1\n  index: -1\nAustralia/Group 8 copy\n  rotate: false\n  xy: 1154, 490\n  size: 254, 111\n  orig: 256, 113\n  offset: 1, 1\n  index: -1\nBangladesh/Group 8 copy\n  rotate: false\n  xy: 1154, 490\n  size: 254, 111\n  orig: 256, 113\n  offset: 1, 1\n  index: -1\nLegend/Group 8 copy\n  rotate: false\n  xy: 1154, 490\n  size: 254, 111\n  orig: 256, 113\n  offset: 1, 1\n  index: -1\nPakistan/Group 8 copy\n  rotate: false\n  xy: 1154, 490\n  size: 254, 111\n  orig: 256, 113\n  offset: 1, 1\n  index: -1\nIndia/shadow\n  rotate: false\n  xy: 2, 20\n  size: 102, 31\n  orig: 153, 56\n  offset: 22, 12\n  index: -1\nAustralia/shadow\n  rotate: false\n  xy: 2, 20\n  size: 102, 31\n  orig: 153, 56\n  offset: 22, 12\n  index: -1\nBangladesh/shadow\n  rotate: false\n  xy: 2, 20\n  size: 102, 31\n  orig: 153, 56\n  offset: 22, 12\n  index: -1\nLegend/shadow\n  rotate: false\n  xy: 2, 20\n  size: 102, 31\n  orig: 153, 56\n  offset: 22, 12\n  index: -1\nPakistan/shadow\n  rotate: false\n  xy: 2, 20\n  size: 102, 31\n  orig: 153, 56\n  offset: 22, 12\n  index: -1\nLegend/Group 2 copy 2222\n  rotate: false\n  xy: 770, 482\n  size: 382, 427\n  orig: 382, 427\n  offset: 0, 0\n  index: -1\nPakistan/Group 2 copy 2222\n  rotate: false\n  xy: 386, 53\n  size: 382, 427\n  orig: 382, 427\n  offset: 0, 0\n  index: -1\nPakistan/Group 3 copy\n  rotate: false\n  xy: 1264, 178\n  size: 245, 310\n  orig: 245, 310\n  offset: 0, 0\n  index: -1\nPakistan/Group 5 copy\n  rotate: true\n  xy: 1625, 28\n  size: 156, 83\n  orig: 158, 85\n  offset: 1, 1\n  index: -1\nPakistan/Group 6 copy\n  rotate: false\n  xy: 1617, 186\n  size: 104, 306\n  orig: 104, 306\n  offset: 0, 0\n  index: -1\nPakistan/Group 7 copy\n  rotate: false\n  xy: 1220, 2\n  size: 148, 166\n  orig: 148, 166\n  offset: 0, 0\n  index: -1\n","textures":[{"__uuid__":"67QiQiyeFGkaC1Oc+h2mA9"}],"textureNames":["Run_back_india.png"]}