{"__type__":"cc.JsonAsset","_name":"character_upgrade","json":{"max_stats":{"running_speed":100,"bat_power":100,"hit_accuracy":100,"skill_cooldown":25},"total_character":5,"char_0":{"char_name":"Bhirat Sen","unlock_cost":0,"running_speed":[0,15,18,22,26,31,37,44],"bat_power":[0,35,40,46,53,61,70,81],"hit_accuracy":[0,20,23,26,30,35,40,46],"skill_cooldown":[0,14,13,12,11,10,9,8],"upgrade_cost":[0,30,40,50,60,70,100,0]},"char_1":{"char_name":"Ekbal Chatterjee","unlock_cost":100,"running_speed":[0,30,32,34,36,39,42,45],"bat_power":[0,30,32,34,36,38,40,42],"hit_accuracy":[0,58,60,62,64,67,70,73],"skill_cooldown":[0,12,11,10,9,8,7,6],"upgrade_cost":[0,80,90,100,120,140,160,0]},"char_2":{"char_name":"David Brown","unlock_cost":150,"running_speed":[0,60,65,70,76,82,89,96],"bat_power":[0,40,43,46,49,53,57,61],"hit_accuracy":[0,35,37,39,41,43,45,48],"skill_cooldown":[0,20,19,19,19,18,18,18],"upgrade_cost":[0,120,140,160,180,200,250,0]},"char_3":{"char_name":"Yasir Atwal","unlock_cost":200,"running_speed":[0,62,67,72,78,84,91,98],"bat_power":[0,65,70,75,80,86,92,99],"hit_accuracy":[0,40,42,44,47,50,53,56],"skill_cooldown":[0,12,10,10,10,8,8,8],"upgrade_cost":[0,200,220,240,260,280,330,0]},"char_4":{"char_name":"Achin Das","unlock_cost":500,"running_speed":[0,73,79,85,92,99],"bat_power":[0,75,80,86,92,99],"hit_accuracy":[0,79,84,89,94,99],"skill_cooldown":[0,20,18,17,16,15],"upgrade_cost":[0,300,350,400,500,0]}}}