{"__type__":"sp.SkeletonData","_name":"wicket_keeper","_native":".skel","_atlasText":"\nwicket_keeper.png\nsize: 596,274\nformat: RGBA8888\nfilter: Linear,Linear\nrepeat: none\nb\n  rotate: true\n  xy: 2, 2\n  size: 270, 517\n  orig: 270, 517\n  offset: 0, 0\n  index: -1\nlhd\n  rotate: true\n  xy: 521, 189\n  size: 83, 73\n  orig: 83, 73\n  offset: 0, 0\n  index: -1\nlhu\n  rotate: false\n  xy: 521, 106\n  size: 69, 81\n  orig: 69, 81\n  offset: 0, 0\n  index: -1\nshadow\n  rotate: true\n  xy: 521, 2\n  size: 102, 31\n  orig: 153, 56\n  offset: 22, 12\n  index: -1\n","textures":[{"__uuid__":"8eoiX6g89MoZnr7mzJyGoJ"}],"textureNames":["wicket_keeper.png"]}