{"__type__":"sp.SkeletonData","_name":"Babar","_native":".skel","_atlasText":"\nBabar.png\nsize: 1206,288\nformat: RGBA8888\nfilter: Linear,Linear\nrepeat: none\nH1\n  rotate: false\n  xy: 671, 141\n  size: 98, 145\n  orig: 98, 145\n  offset: 0, 0\n  index: -1\nH2\n  rotate: false\n  xy: 868, 156\n  size: 95, 130\n  orig: 96, 133\n  offset: 1, 1\n  index: -1\nH3\n  rotate: false\n  xy: 771, 150\n  size: 95, 136\n  orig: 97, 140\n  offset: 1, 1\n  index: -1\nLh\n  rotate: true\n  xy: 782, 4\n  size: 64, 124\n  orig: 66, 126\n  offset: 1, 1\n  index: -1\nLh1\n  rotate: true\n  xy: 908, 2\n  size: 81, 157\n  orig: 81, 157\n  offset: 0, 0\n  index: -1\nRh\n  rotate: true\n  xy: 852, 85\n  size: 63, 122\n  orig: 65, 124\n  offset: 1, 1\n  index: -1\nbat\n  rotate: true\n  xy: 327, 17\n  size: 269, 172\n  orig: 269, 172\n  offset: 0, 0\n  index: -1\nbody\n  rotate: false\n  xy: 501, 59\n  size: 168, 227\n  orig: 168, 227\n  offset: 0, 0\n  index: -1\neyes\n  rotate: false\n  xy: 976, 114\n  size: 126, 36\n  orig: 128, 38\n  offset: 1, 1\n  index: -1\neyw_brew\n  rotate: false\n  xy: 623, 22\n  size: 157, 35\n  orig: 157, 35\n  offset: 0, 0\n  index: -1\nhead\n  rotate: true\n  xy: 2, 10\n  size: 276, 323\n  orig: 276, 323\n  offset: 0, 0\n  index: -1\nhead lought\n  rotate: true\n  xy: 1175, 220\n  size: 66, 29\n  orig: 87, 50\n  offset: 6, 13\n  index: -1\nhead smile\n  rotate: false\n  xy: 1041, 91\n  size: 60, 21\n  orig: 87, 50\n  offset: 9, 17\n  index: -1\nhead thinking\n  rotate: false\n  xy: 976, 90\n  size: 63, 22\n  orig: 87, 50\n  offset: 7, 19\n  index: -1\nlh3\n  rotate: false\n  xy: 965, 152\n  size: 92, 134\n  orig: 94, 136\n  offset: 1, 1\n  index: -1\nlld\n  rotate: true\n  xy: 1067, 10\n  size: 79, 134\n  orig: 79, 134\n  offset: 0, 0\n  index: -1\nllu\n  rotate: true\n  xy: 1104, 94\n  size: 66, 94\n  orig: 67, 96\n  offset: 0, 1\n  index: -1\nrld\n  rotate: false\n  xy: 1059, 162\n  size: 81, 124\n  orig: 81, 124\n  offset: 0, 0\n  index: -1\nrlu\n  rotate: true\n  xy: 501, 9\n  size: 48, 120\n  orig: 49, 122\n  offset: 1, 1\n  index: -1\nshadow\n  rotate: true\n  xy: 1142, 184\n  size: 102, 31\n  orig: 153, 56\n  offset: 22, 12\n  index: -1\nwhite\n  rotate: false\n  xy: 671, 70\n  size: 179, 69\n  orig: 181, 71\n  offset: 1, 1\n  index: -1\n","textures":[{"__uuid__":"be+nk3MfRHnbM4ES0RoP3u"}],"textureNames":["Babar.png"]}