{"__type__":"sp.SkeletonData","_name":"Sakib","_native":".skel","_atlasText":"\nSakib.png\nsize: 344,1032\nformat: RGBA8888\nfilter: Linear,Linear\nrepeat: none\nH1\n  rotate: true\n  xy: 2, 330\n  size: 98, 180\n  orig: 98, 180\n  offset: 0, 0\n  index: -1\nH2\n  rotate: false\n  xy: 83, 5\n  size: 95, 132\n  orig: 97, 134\n  offset: 1, 1\n  index: -1\nH3\n  rotate: true\n  xy: 2, 233\n  size: 95, 138\n  orig: 97, 140\n  offset: 1, 1\n  index: -1\nLh\n  rotate: false\n  xy: 271, 370\n  size: 63, 125\n  orig: 66, 126\n  offset: 1, 0\n  index: -1\nLh1\n  rotate: true\n  xy: 184, 287\n  size: 81, 157\n  orig: 81, 157\n  offset: 0, 0\n  index: -1\nRh\n  rotate: true\n  xy: 138, 143\n  size: 57, 121\n  orig: 63, 122\n  offset: 5, 0\n  index: -1\nbat\n  rotate: false\n  xy: 2, 601\n  size: 269, 172\n  orig: 269, 172\n  offset: 0, 0\n  index: -1\nbody\n  rotate: true\n  xy: 2, 430\n  size: 169, 227\n  orig: 175, 227\n  offset: 3, 0\n  index: -1\neyes\n  rotate: true\n  xy: 142, 202\n  size: 126, 36\n  orig: 128, 38\n  offset: 1, 1\n  index: -1\neyw_brew\n  rotate: true\n  xy: 231, 416\n  size: 183, 38\n  orig: 183, 38\n  offset: 0, 0\n  index: -1\nhead\n  rotate: true\n  xy: 2, 775\n  size: 255, 314\n  orig: 255, 314\n  offset: 0, 0\n  index: -1\nhead lought\n  rotate: false\n  xy: 231, 56\n  size: 84, 52\n  orig: 84, 53\n  offset: 0, 1\n  index: -1\nhead smile\n  rotate: true\n  xy: 180, 202\n  size: 83, 52\n  orig: 84, 53\n  offset: 0, 0\n  index: -1\nhead thinking\n  rotate: false\n  xy: 231, 2\n  size: 84, 52\n  orig: 84, 53\n  offset: 0, 0\n  index: -1\nlh3\n  rotate: true\n  xy: 2, 139\n  size: 92, 134\n  orig: 94, 136\n  offset: 1, 1\n  index: -1\nlld\n  rotate: false\n  xy: 2, 3\n  size: 79, 134\n  orig: 79, 134\n  offset: 0, 0\n  index: -1\nllu\n  rotate: false\n  xy: 271, 497\n  size: 68, 95\n  orig: 70, 96\n  offset: 1, 1\n  index: -1\nrld\n  rotate: false\n  xy: 261, 161\n  size: 81, 124\n  orig: 81, 124\n  offset: 0, 0\n  index: -1\nrlu\n  rotate: false\n  xy: 180, 21\n  size: 49, 120\n  orig: 51, 122\n  offset: 1, 1\n  index: -1\nshadow\n  rotate: false\n  xy: 231, 110\n  size: 102, 31\n  orig: 153, 56\n  offset: 22, 12\n  index: -1\nwhite\n  rotate: true\n  xy: 273, 594\n  size: 179, 69\n  orig: 181, 71\n  offset: 1, 1\n  index: -1\n","textures":[{"__uuid__":"4cJJVxhINCRYsjv5s1hfA0"}],"textureNames":["Sakib.png"]}