{"__type__":"cc.JsonAsset","_name":"trophy","json":{"total_trophy":10,"trophy_0":{"id":"AC_PLAY_QUICKMATCH","name":"action_phase.STR_TROPHY_PLAY_QUICKMATCH","type":"Progression","unlock_condition":"action_phase.STR_TROPHY_PLAY_QUICKMATCH_DESC","con_amount":5,"reward_coin":50,"trophy":"Bronze"},"trophy_1":{"id":"AC_WIN_MATCHES","name":"action_phase.STR_TROPHY_WIN_MATCHES","type":"Progression","unlock_condition":"action_phase.STR_TROPHY_WIN_MATCHES_DESC","con_amount":10,"reward_coin":100,"trophy":"Silver"},"trophy_2":{"id":"AC_WIN_LEAGUE_II","name":"action_phase.STR_TROPHY_WIN_LEAGUE_II","type":"Progression","unlock_condition":"action_phase.STR_TROPHY_WIN_LEAGUE_II_DESC","con_amount":1,"reward_coin":100},"trophy_3":{"id":"AC_WIN_LEAGUE_I","name":"action_phase.STR_TROPHY_WIN_LEAGUE_I","type":"Progression","unlock_condition":"action_phase.STR_TROPHY_WIN_LEAGUE_I_DESC","con_amount":1,"reward_coin":120},"trophy_4":{"id":"AC_WIN_NATIONAL_LEAGUE","name":"action_phase.STR_TROPHY_WIN_NATIONAL_LEAGUE","type":"Progression","unlock_condition":"action_phase.STR_TROPHY_WIN_NATIONAL_LEAGUE_DESC","con_amount":1,"reward_coin":150},"trophy_5":{"id":"AC_PERFECT_SWIPE","name":"action_phase.STR_TROPHY_PERFECT_SWIPE","type":"Player Skill","unlock_condition":"action_phase.STR_TROPHY_PERFECT_SWIPE_DESC","con_amount":10,"reward_coin":50},"trophy_6":{"id":"AC_UNLOCK_ALL_BATSMAN","name":"action_phase.STR_TROPHY_UNLOCK_ALL_BATSMAN","type":"Progression","unlock_condition":"action_phase.STR_TROPHY_UNLOCK_ALL_BATSMAN_DESC","con_amount":1,"reward_coin":150},"trophy_7":{"id":"AC_UPGRADE_MC","name":"action_phase.STR_TROPHY_UPGRADE_MC","type":"Progression","unlock_condition":"action_phase.STR_TROPHY_UPGRADE_MC_DESC","con_amount":10,"reward_coin":100},"trophy_8":{"id":"AC_USE_SKILL","name":"action_phase.STR_TROPHY_USE_SKILL","type":"Player Skill","unlock_condition":"action_phase.STR_TROPHY_USE_SKILL_DESC","con_amount":5,"reward_coin":50},"trophy_9":{"id":"AC_UNLOCK_ALL_AC","name":"action_phase.STR_TROPHY_UNLOCK_ALL_AC","type":"Player Skill","unlock_condition":"action_phase.STR_TROPHY_UNLOCK_ALL_AC_DESC","con_amount":1,"reward_coin":200}}}