[{"__type__":"cc.SpriteFrame","content":{"name":"pz","texture":"50b1Gw5H5Iu4xdSYCnNvkr","rect":[0,0,1024,1024],"offset":[0,0],"originalSize":[1024,1024],"capInsets":[0,0,0,0]}},{"__type__":"cc.SpriteFrame","content":{"name":"py","texture":"07hH+4gvVLzZbWa5uoZapf","rect":[0,0,64,64],"offset":[0,0],"originalSize":[64,64],"capInsets":[0,0,0,0]}},{"__type__":"cc.SpriteFrame","content":{"name":"px","texture":"ebefwM30FFu54dmiD6MVF/","rect":[0,0,1024,1024],"offset":[0,0],"originalSize":[1024,1024],"capInsets":[0,0,0,0]}},{"__type__":"cc.SpriteFrame","content":{"name":"ny","texture":"98tGVH97hMR4PQaaAPcNea","rect":[0,0,1024,1024],"offset":[0,0],"originalSize":[1024,1024],"capInsets":[0,0,0,0]}},[{"__type__":"cc.Prefab","_name":"EdenEnv","data":{"__id__":1}},{"__type__":"cc.Node","_name":"EdenEnv","_children":[{"__id__":2},{"__id__":3},{"__id__":4},{"__id__":5},{"__id__":6},{"__id__":7}],"_prefab":{"__type__":"cc.PrefabInfo","root":{"__id__":1},"asset":{"__uuid__":"ddlgzqFdFMQ7clLsMDOrLT"},"fileId":"f5oHSEbelBPLcJ2cz5mwkv"},"_trs":{"__type__":"TypedArray","ctor":"Float64Array","array":[0,300,0,0,0,0,1,120,120,120]},"_is3DNode":true},{"__type__":"cc.Node","_name":"Top","_parent":{"__id__":1},"_components":[{"__type__":"cc.Sprite","node":{"__id__":2},"_materials":[{"__uuid__":"ecpdLyjvZBwrvm+cedCcQy"}],"_spriteFrame":{"__uuid__":"e0m7WpnHhK5bnxEf/R+cVr"},"_sizeMode":0}],"_prefab":{"__type__":"cc.PrefabInfo","root":{"__id__":1},"asset":{"__uuid__":"ddlgzqFdFMQ7clLsMDOrLT"},"fileId":"71zpIMALNGIK1zCp1mHEpt"},"_contentSize":{"__type__":"cc.Size","width":100,"height":100},"_trs":{"__type__":"TypedArray","ctor":"Float64Array","array":[0,50,0,0.7071067811865475,0,0,0.7071067811865476,1,1,1]},"_eulerAngles":{"__type__":"cc.Vec3","x":90},"_is3DNode":true},{"__type__":"cc.Node","_name":"Bottom","_parent":{"__id__":1},"_components":[{"__type__":"cc.Sprite","node":{"__id__":3},"_materials":[{"__uuid__":"ecpdLyjvZBwrvm+cedCcQy"}],"_spriteFrame":{"__uuid__":"571O+w94pIeIkSwavVpNt/"},"_sizeMode":0}],"_prefab":{"__type__":"cc.PrefabInfo","root":{"__id__":1},"asset":{"__uuid__":"ddlgzqFdFMQ7clLsMDOrLT"},"fileId":"13fjTfm6VCIqKLgaXwFmkx"},"_contentSize":{"__type__":"cc.Size","width":100,"height":100},"_trs":{"__type__":"TypedArray","ctor":"Float64Array","array":[0,-50,0,-0.7071067811865475,0,0,0.7071067811865476,1,1,1]},"_eulerAngles":{"__type__":"cc.Vec3","x":-90},"_is3DNode":true},{"__type__":"cc.Node","_name":"Left","_parent":{"__id__":1},"_components":[{"__type__":"cc.Sprite","node":{"__id__":4},"_materials":[{"__uuid__":"ecpdLyjvZBwrvm+cedCcQy"}],"_spriteFrame":{"__uuid__":"aa4AZnXGhExrguRMAL2JhL"},"_sizeMode":0}],"_prefab":{"__type__":"cc.PrefabInfo","root":{"__id__":1},"asset":{"__uuid__":"ddlgzqFdFMQ7clLsMDOrLT"},"fileId":"c2NNQRySBM2IDQuZgi8OV6"},"_contentSize":{"__type__":"cc.Size","width":100,"height":100},"_trs":{"__type__":"TypedArray","ctor":"Float64Array","array":[-50,0,0,0,0.7071067811865475,0,0.7071067811865476,1,1,1]},"_eulerAngles":{"__type__":"cc.Vec3","y":90},"_is3DNode":true},{"__type__":"cc.Node","_name":"Right","_parent":{"__id__":1},"_components":[{"__type__":"cc.Sprite","node":{"__id__":5},"_materials":[{"__uuid__":"ecpdLyjvZBwrvm+cedCcQy"}],"_spriteFrame":{"__uuid__":"712nMqh6FOZL5r4tBTBtdv"},"_sizeMode":0}],"_prefab":{"__type__":"cc.PrefabInfo","root":{"__id__":1},"asset":{"__uuid__":"ddlgzqFdFMQ7clLsMDOrLT"},"fileId":"53NdPGAohDHp1UVzNj9iGc"},"_contentSize":{"__type__":"cc.Size","width":100,"height":100},"_trs":{"__type__":"TypedArray","ctor":"Float64Array","array":[50,0,0,0,-0.7071067811865475,0,0.7071067811865476,1,1,1]},"_eulerAngles":{"__type__":"cc.Vec3","y":-90},"_is3DNode":true},{"__type__":"cc.Node","_name":"Front","_parent":{"__id__":1},"_components":[{"__type__":"cc.Sprite","node":{"__id__":6},"_materials":[{"__uuid__":"ecpdLyjvZBwrvm+cedCcQy"}],"_sizeMode":0}],"_prefab":{"__type__":"cc.PrefabInfo","root":{"__id__":1},"asset":{"__uuid__":"ddlgzqFdFMQ7clLsMDOrLT"},"fileId":"ebFYgH6lhEh4kYgEkjX8ZI"},"_contentSize":{"__type__":"cc.Size","width":100,"height":100},"_trs":{"__type__":"TypedArray","ctor":"Float64Array","array":[0,0,50,0,1,0,6.123233995736766e-17,1,1,1]},"_eulerAngles":{"__type__":"cc.Vec3","y":180},"_is3DNode":true},{"__type__":"cc.Node","_name":"Back","_parent":{"__id__":1},"_components":[{"__type__":"cc.Sprite","node":{"__id__":7},"_materials":[{"__uuid__":"ecpdLyjvZBwrvm+cedCcQy"}],"_spriteFrame":{"__uuid__":"3bjX/RKkdNaJHdEvv/WOp0"},"_sizeMode":0}],"_prefab":{"__type__":"cc.PrefabInfo","root":{"__id__":1},"asset":{"__uuid__":"ddlgzqFdFMQ7clLsMDOrLT"},"fileId":"236fg1FRVD+58Xqv1sHh5j"},"_contentSize":{"__type__":"cc.Size","width":100,"height":100},"_trs":{"__type__":"TypedArray","ctor":"Float64Array","array":[0,0,-50,0,0,0,1,1,1,1]},"_is3DNode":true}],{"__type__":"cc.SpriteFrame","content":{"name":"nx","texture":"2cD1vyYcBBPaNirsYlekjC","rect":[0,0,1024,1024],"offset":[0,0],"originalSize":[1024,1024],"capInsets":[0,0,0,0]}}]